{
    "assets": [
        {
            "loan": null,
            "name": "003624",
            "id": "23010000015918283",
            "state": {
                "internal_name": "In Store",
                "name": "In Store",
                "description": null,
                "id": "23010000000006135"
            },
            "barcode": "003624"
        }
    ],
    "response_status": [
        {
            "status_code": 2000,
            "status": "success"
        }
    ],
    "list_info": {
        "has_more_rows": false,
        "start_index": 1,
        "fields_required": [
            "id",
            "name",
            "barcode",
            "state",
            "loan.id",
            "loan.loan.id"
        ],
        "sort_field": "name",
        "page": 1,
        "search_criteria": {
            "condition": "is",
            "field": "barcode",
            "value": "003624"
        },
        "row_count": 1
    }
}