{
    "input_data": "{\n                   \"asset_loan\": {\n                       \"loaned_assets\": [{\n                    \"asset\": {\n                        \"id\": 23010000015918331\n                    }\n                }],\n                \"due_by_time\": {\n                    \"value\": 1663250399999\n                },\n                \"start_time\": {\n                    \"value\": 1663164000000\n                },\n                \"site\": null,\n                \"received_by\": {\n                    \"id\": 23010000016254009\n                },\n                \"loaned_to_user\": {\n                    \"id\": 23010000016254009\n                }\n            }\n        }"
}