{
    "response_status": {
        "status_code": 2000,
        "status": "success"
    },
    "loaned_asset": {
        "loan": {
            "start_time": {
                "display_value": "Aug 22, 2022",
                "value": "1661090400000"
            },
            "site": null,
            "display_id": {
                "display_value": "587",
                "value": "587"
            },
            "loaned_to_user": {
                "id": "23010000009858759"
            },
            "id": "23010000017205541",
            "loaned_to_department": null,
            "due_by_time": {
                "display_value": "Aug 22, 2022",
                "value": "1661176799999"
            },
            "status": {
                "id": "23010000006278029"
            }
        },
        "comments": "loan system",
        "asset_product": {
            "part_no": "PB20LP65",
            "product_type": {
                "image": "Motherboard_Battery",
                "name": "Battery Packs",
                "id": "23010000015457607",
                "mandatory": false
            },
            "software": null,
            "name": "Blupeak Power Bank",
            "id": "23010000015457611",
            "type": {
                "name": "Asset",
                "id": "23010000000005903"
            },
            "category": {
                "name": "IT",
                "description": "IT Assets and Components",
                "id": "23010000000005899"
            },
            "manufacturer": "Blupeak"
        },
        "due_by_time": {
            "display_value": "Aug 22, 2022",
            "value": "1661176799999"
        },
        "start_time": {
            "display_value": "Aug 22, 2022",
            "value": "1661090400000"
        },
        "returned_by": {
            "email_id": "eropati27@student.sacs.nsw.edu.au",
            "is_technician": false,
            "sms_mail": null,
            "mobile": null,
            "last_name": "Ropati",
            "user_scope": "internal_user",
            "sms_mail_id": null,
            "phone": null,
            "name": "Elisabeta Ropati",
            "id": "23010000009858759",
            "photo_url": "https://contacts.zoho.com/file?exp=10&ID=-1&t=user&height=60&width=60",
            "is_vip_user": false,
            "department": null,
            "first_name": "Elisabeta",
            "job_title": "06 Homeroom B"
        },
        "site": null,
        "received_by": {
            "email_id": "eropati27@student.sacs.nsw.edu.au",
            "is_technician": false,
            "sms_mail": null,
            "mobile": null,
            "last_name": "Ropati",
            "user_scope": "internal_user",
            "sms_mail_id": null,
            "phone": null,
            "name": "Elisabeta Ropati",
            "id": "23010000009858759",
            "photo_url": "https://contacts.zoho.com/file?exp=10&ID=-1&t=user&height=60&width=60",
            "is_vip_user": false,
            "department": null,
            "first_name": "Elisabeta",
            "job_title": "06 Homeroom B"
        },
        "id": "23010000017205545",
        "returned_time": {
            "display_value": "Aug 22, 2022",
            "value": "1661146837933"
        },
        "asset": {
            "site": null,
            "name": "003624",
            "id": "23010000015918283"
        },
        "barcode": "003624",
        "loan_id": {
            "display_value": "587",
            "value": "587"
        }
    }
}