{
    "asset_loan": {
        "created_time": {
            "display_value": "Sep 15, 2022 03:52 PM",
            "value": "1663221130701"
        },
        "comments": null,
        "display_id": {
            "display_value": "782",
            "value": "782"
        },
        "loaned_assets": [
            {
                "loan": {
                    "start_time": {
                        "display_value": "Sep 15, 2022",
                        "value": "1663164000000"
                    },
                    "site": null,
                    "display_id": {
                        "display_value": "782",
                        "value": "782"
                    },
                    "loaned_to_user": {
                        "id": "23010000016254009"
                    },
                    "id": "23010000017773001",
                    "loaned_to_department": null,
                    "due_by_time": {
                        "display_value": "Sep 15, 2022",
                        "value": "1663250399999"
                    },
                    "status": {
                        "id": "23010000006278029"
                    }
                },
                "comments": null,
                "asset_product": {
                    "part_no": "PB20LP65",
                    "product_type": {
                        "image": "Motherboard_Battery",
                        "name": "Battery Packs",
                        "id": "23010000015457607",
                        "mandatory": false
                    },
                    "software": null,
                    "name": "Blupeak Power Bank",
                    "id": "23010000015457611",
                    "type": {
                        "name": "Asset",
                        "id": "23010000000005903"
                    },
                    "category": {
                        "name": "IT",
                        "description": "IT Assets and Components",
                        "id": "23010000000005899"
                    },
                    "manufacturer": "Blupeak"
                },
                "due_by_time": {
                    "display_value": "Sep 15, 2022",
                    "value": "1663250399999"
                },
                "start_time": {
                    "display_value": "Sep 15, 2022",
                    "value": "1663164000000"
                },
                "returned_by": null,
                "site": null,
                "id": "23010000017773005",
                "returned_time": null,
                "asset": {
                    "site": null,
                    "name": "003614",
                    "id": "23010000015918331"
                },
                "barcode": "003614",
                "loan_id": {
                    "display_value": "782",
                    "value": "782"
                }
            }
        ],
        "loaned_to_department": null,
        "created_by": {
            "email_id": "zbailey@sacs.nsw.edu.au",
            "is_technician": true,
            "sms_mail": null,
            "mobile": null,
            "last_name": "Zack",
            "user_scope": "internal_user",
            "sms_mail_id": null,
            "phone": null,
            "name": "Bailey, Zack",
            "id": "23010000002144318",
            "photo_url": "https://contacts.zoho.com/file?exp=10&ID=679409412&t=user&height=60&width=60",
            "is_vip_user": false,
            "department": {
                "site": null,
                "name": "ICT Department",
                "id": "23010000000652171"
            },
            "first_name": "Bailey,",
            "job_title": null
        },
        "due_by_time": {
            "display_value": "Sep 15, 2022",
            "value": "1663250399999"
        },
        "start_time": {
            "display_value": "Sep 15, 2022",
            "value": "1663164000000"
        },
        "returned_by": null,
        "site": null,
        "received_by": {
            "email_id": null,
            "is_technician": false,
            "sms_mail": null,
            "mobile": null,
            "last_name": "Test User",
            "user_scope": "internal_user",
            "sms_mail_id": null,
            "phone": null,
            "name": "Test",
            "id": "23010000016254009",
            "photo_url": "https://contacts.zoho.com/file?exp=10&ID=-1&t=user&height=60&width=60",
            "is_vip_user": false,
            "department": {
                "site": null,
                "name": "IT",
                "id": "23010000000884349"
            },
            "first_name": "Loan System",
            "job_title": null
        },
        "is_expired": false,
        "loaned_to_user": {
            "email_id": null,
            "is_technician": false,
            "sms_mail": null,
            "mobile": null,
            "last_name": "Test User",
            "user_scope": "internal_user",
            "sms_mail_id": null,
            "phone": null,
            "name": "Test",
            "id": "23010000016254009",
            "photo_url": "https://contacts.zoho.com/file?exp=10&ID=-1&t=user&height=60&width=60",
            "is_vip_user": false,
            "department": {
                "site": null,
                "name": "IT",
                "id": "23010000000884349"
            },
            "first_name": "Loan System",
            "job_title": null
        },
        "id": "23010000017773001",
        "returned_time": null,
        "status": {
            "internal_name": "Active",
            "name": "On Loan",
            "id": "23010000006278029"
        }
    },
    "response_status": {
        "status_code": 2000,
        "status": "success"
    }
}