{
    "assets": [],
    "response_status": [
        {
            "status_code": 2000,
            "status": "success"
        }
    ],
    "list_info": {
        "has_more_rows": false,
        "start_index": 1,
        "fields_required": [
            "id",
            "barcode"
        ],
        "sort_field": "name",
        "page": 1,
        "search_criteria": {
            "condition": "is",
            "field": "product.product_type.name",
            "children": [
                {
                    "condition": "is",
                    "field": "barcode",
                    "logical_operator": "AND",
                    "value": "1816"
                }
            ],
            "value": "Student Device"
        },
        "row_count": 0
    }
}