{
    "input_data": "{\n                \"list_info\": {\n                    \"start_index\": 0,\n                    \"row_count\": 1,\n                    \"fields_required\": [\"id\", \"barcode\"],\n                    \"search_criteria\": {\n                        \"field\": \"product.product_type.name\",\n                        \"condition\": \"is\",\n                        \"value\": \"Student Device\",\n                        \"children\" : [ \n                            {\n                                \"field\": \"barcode\",\n                                \"condition\": \"is\",\n                                \"value\": 023909514353,\n                                \"logical_operator\" : \"AND\"\n                            } \n                        ]\n                    }\n                }\n            }"
}